date,time,label,activity,distance,energy,energy_acc,pro,protein_acc,carb,fat,note
2024-11-04,00:00,REST,Bmr,0,-52.25,-52.25,0.0,0.0,0.0,0.0,0
2024-11-04,01:00,REST,Bmr,0,-52.25,-104.5,0.0,0.0,0.0,0.0,0
2024-11-04,02:00,REST,Bmr,0,-52.25,-156.75,0.0,0.0,0.0,0.0,0
2024-11-04,03:00,REST,Bmr,0,-52.25,-209.0,0.0,0.0,0.0,0.0,0
2024-11-04,04:00,REST,Bmr,0,-52.25,-261.25,0.0,0.0,0.0,0.0,0
2024-11-04,04:41,TRAINING,Walk,"8,93 km",-508.0,-769.25,0.0,0.0,0.0,0.0,15
2024-11-04,05:00,REST,Bmr,0,-52.25,-821.5,0.0,0.0,0.0,0.0,0
2024-11-04,06:00,REST,Bmr,0,-52.25,-873.75,0.0,0.0,0.0,0.0,0
2024-11-04,07:00,REST,Bmr,0,-52.25,-926.0,0.0,0.0,0.0,0.0,0
2024-11-04,07:30,FOOD,Eat,0.0,600.0,-326.0,25.0,25.0,37.0,35.0,Porridge
2024-11-04,08:00,REST,Bmr,0,-52.25,-378.25,0.0,25.0,0.0,0.0,0
2024-11-04,09:00,REST,Bmr,0,-52.25,-430.5,0.0,25.0,0.0,0.0,0
2024-11-04,10:00,REST,Bmr,0,-52.25,-482.75,0.0,25.0,0.0,0.0,0
2024-11-04,11:00,REST,Bmr,0,-52.25,-535.0,0.0,25.0,0.0,0.0,0
2024-11-04,11:01,FOOD,Eat,0.0,600.0,65.0,25.0,50.0,37.0,35.0,Porridge
2024-11-04,11:21,TRAINING,Walk,"7,65 km",-454.0,-389.0,0.0,50.0,0.0,0.0,19
2024-11-04,12:00,REST,Bmr,0,-52.25,-441.25,0.0,50.0,0.0,0.0,0
2024-11-04,13:00,REST,Bmr,0,-52.25,-493.5,0.0,50.0,0.0,0.0,0
2024-11-04,13:22,TRAINING,BIKE,0.0,0.0,-493.5,0.0,50.0,0.0,0.0,RMP
2024-11-04,14:00,TRAINING,STR,0.0,0.0,-493.5,0.0,50.0,0.0,0.0,BODYPUMP
2024-11-04,14:00,REST,Bmr,0,-52.25,-545.75,0.0,50.0,0.0,0.0,0
2024-11-04,15:00,REST,Bmr,0,-52.25,-598.0,0.0,50.0,0.0,0.0,0
2024-11-04,16:00,REST,Bmr,0,-52.25,-650.25,0.0,50.0,0.0,0.0,0
2024-11-04,16:01,FOOD,Eat,0.0,500.0,-150.25,27.0,77.0,26.0,30.0,"Broccoli, kaki, veg sausage, coleslaw, plum, egg, mozzarella"
2024-11-04,16:30,FOOD,Eat,0.0,890.0,739.75,18.0,95.0,175.0,13.0,"Protein bars, candy"
2024-11-04,17:00,REST,Bmr,0,-52.25,687.5,0.0,95.0,0.0,0.0,0
2024-11-04,18:00,REST,Bmr,0,-52.25,635.25,0.0,95.0,0.0,0.0,0
2024-11-04,19:00,REST,Bmr,0,-52.25,583.0,0.0,95.0,0.0,0.0,0
2024-11-04,20:00,REST,Bmr,0,-52.25,530.75,0.0,95.0,0.0,0.0,0
2024-11-04,21:00,REST,Bmr,0,-52.25,478.5,0.0,95.0,0.0,0.0,0
2024-11-04,22:00,REST,Bmr,0,-52.25,426.25,0.0,95.0,0.0,0.0,0
2024-11-04,23:00,REST,Bmr,0,-52.25,374.0,0.0,95.0,0.0,0.0,0
2024-11-05,00:00,REST,Bmr,0,-52.25,-52.25,0.0,0.0,0.0,0.0,0
2024-11-05,01:00,REST,Bmr,0,-52.25,-104.5,0.0,0.0,0.0,0.0,0
2024-11-05,02:00,REST,Bmr,0,-52.25,-156.75,0.0,0.0,0.0,0.0,0
2024-11-05,03:00,REST,Bmr,0,-52.25,-209.0,0.0,0.0,0.0,0.0,0
2024-11-05,04:00,REST,Bmr,0,-52.25,-261.25,0.0,0.0,0.0,0.0,0
2024-11-05,04:25,TRAINING,Walk,"8,38 km",-363.0,-624.25,0.0,0.0,0.0,0.0,15
2024-11-05,05:00,REST,Bmr,0,-52.25,-676.5,0.0,0.0,0.0,0.0,0
2024-11-05,06:00,REST,Bmr,0,-52.25,-728.75,0.0,0.0,0.0,0.0,0
2024-11-05,06:30,FOOD,Eat,0.0,600.0,-128.75,25.0,25.0,37.0,35.0,Porridge
2024-11-05,07:00,REST,Bmr,0,-52.25,-181.0,0.0,25.0,0.0,0.0,0
2024-11-05,08:00,REST,Bmr,0,-52.25,-233.25,0.0,25.0,0.0,0.0,0
2024-11-05,09:00,REST,Bmr,0,-52.25,-285.5,0.0,25.0,0.0,0.0,0
2024-11-05,10:00,REST,Bmr,0,-52.25,-337.75,0.0,25.0,0.0,0.0,0
2024-11-05,10:01,FOOD,Eat,0.0,600.0,262.25,25.0,50.0,37.0,35.0,Porridge
2024-11-05,10:53,TRAINING,Walk,"7,38 km",-428.0,-165.75,0.0,50.0,0.0,0.0,18
2024-11-05,11:00,REST,Bmr,0,-52.25,-218.0,0.0,50.0,0.0,0.0,0
2024-11-05,12:00,REST,Bmr,0,-52.25,-270.25,0.0,50.0,0.0,0.0,0
2024-11-05,12:30,FOOD,Eat,0.0,127.0,-143.25,3.0,53.0,10.0,8.0,"Sandwish, butter, peanut butter"
2024-11-05,13:00,REST,Bmr,0,-52.25,-195.5,0.0,53.0,0.0,0.0,0
2024-11-05,14:00,REST,Bmr,0,-52.25,-247.75,0.0,53.0,0.0,0.0,0
2024-11-05,14:01,FOOD,Eat,0.0,115.0,-132.75,0.0,53.0,30.0,0.0,Carbs
2024-11-05,14:58,TRAINING,RUN,10.0 km,-505.0,-637.75,0.0,53.0,0.0,0.0,5'07''
2024-11-05,15:00,REST,Bmr,0,-52.25,-690.0,0.0,53.0,0.0,0.0,0
2024-11-05,16:00,REST,Bmr,0,-52.25,-742.25,0.0,53.0,0.0,0.0,0
2024-11-05,16:30,FOOD,Eat,0.0,500.0,-242.25,27.0,80.0,26.0,30.0,"Broccoli, kaki, veg sausage, coleslaw, plum, egg, mozzarella"
2024-11-05,17:00,REST,Bmr,0,-52.25,-294.5,0.0,80.0,0.0,0.0,0
2024-11-05,17:01,FOOD,Eat,0.0,440.0,145.5,19.0,99.0,27.0,18.0,Protein bars
2024-11-05,18:00,REST,Bmr,0,-52.25,93.25,0.0,99.0,0.0,0.0,0
2024-11-05,19:00,REST,Bmr,0,-52.25,41.0,0.0,99.0,0.0,0.0,0
2024-11-05,20:00,REST,Bmr,0,-52.25,-11.25,0.0,99.0,0.0,0.0,0
2024-11-05,21:00,REST,Bmr,0,-52.25,-63.5,0.0,99.0,0.0,0.0,0
2024-11-05,22:00,REST,Bmr,0,-52.25,-115.75,0.0,99.0,0.0,0.0,0
2024-11-05,23:00,REST,Bmr,0,-52.25,-168.0,0.0,99.0,0.0,0.0,0
2024-11-06,00:00,REST,Bmr,0,-52.25,-52.25,0.0,0.0,0.0,0.0,0
2024-11-06,01:00,REST,Bmr,0,-52.25,-104.5,0.0,0.0,0.0,0.0,0
2024-11-06,02:00,REST,Bmr,0,-52.25,-156.75,0.0,0.0,0.0,0.0,0
2024-11-06,03:00,REST,Bmr,0,-52.25,-209.0,0.0,0.0,0.0,0.0,0
2024-11-06,04:00,REST,Bmr,0,-52.25,-261.25,0.0,0.0,0.0,0.0,0
2024-11-06,04:22,TRAINING,Walk,"8,79 km",-478.0,-739.25,0.0,0.0,0.0,0.0,15
2024-11-06,05:00,REST,Bmr,0,-52.25,-791.5,0.0,0.0,0.0,0.0,0
2024-11-06,06:00,REST,Bmr,0,-52.25,-843.75,0.0,0.0,0.0,0.0,0
2024-11-06,06:30,FOOD,Eat,0.0,600.0,-243.75,25.0,25.0,37.0,35.0,Porridge
2024-11-06,07:00,REST,Bmr,0,-52.25,-296.0,0.0,25.0,0.0,0.0,0
2024-11-06,08:00,REST,Bmr,0,-52.25,-348.25,0.0,25.0,0.0,0.0,0
2024-11-06,09:00,REST,Bmr,0,-52.25,-400.5,0.0,25.0,0.0,0.0,0
2024-11-06,10:00,REST,Bmr,0,-52.25,-452.75,0.0,25.0,0.0,0.0,0
2024-11-06,10:01,FOOD,Eat,0.0,600.0,147.25,25.0,50.0,37.0,35.0,Porridge
2024-11-06,10:47,TRAINING,Walk,"7,58 km",-438.0,-290.75,0.0,50.0,0.0,0.0,19
2024-11-06,11:00,REST,Bmr,0,-52.25,-343.0,0.0,50.0,0.0,0.0,0
2024-11-06,12:00,REST,Bmr,0,-52.25,-395.25,0.0,50.0,0.0,0.0,0
2024-11-06,13:00,REST,Bmr,0,-52.25,-447.5,0.0,50.0,0.0,0.0,0
2024-11-06,13:01,FOOD,Eat,0.0,127.0,-320.5,3.0,53.0,10.0,8.0,"Sandwish, butter, peanut butter"
2024-11-06,14:00,REST,Bmr,0,-52.25,-372.75,0.0,53.0,0.0,0.0,0
2024-11-06,14:42,TRAINING,BIKE,0.0,0.0,-372.75,0.0,53.0,0.0,0.0,TRIP
2024-11-06,15:00,REST,Bmr,0,-52.25,-425.0,0.0,53.0,0.0,0.0,0
2024-11-06,16:00,REST,Bmr,0,-52.25,-477.25,0.0,53.0,0.0,0.0,0
2024-11-06,16:30,FOOD,Eat,0.0,500.0,22.75,27.0,80.0,26.0,30.0,"Broccoli, kaki, veg sausage, coleslaw, plum, egg, mozzarella"
2024-11-06,17:00,REST,Bmr,0,-52.25,-29.5,0.0,80.0,0.0,0.0,0
2024-11-06,17:01,FOOD,Eat,0.0,443.0,413.5,21.0,101.0,31.0,27.0,Protein bars
2024-11-06,18:00,REST,Bmr,0,-52.25,361.25,0.0,101.0,0.0,0.0,0
2024-11-06,19:00,REST,Bmr,0,-52.25,309.0,0.0,101.0,0.0,0.0,0
2024-11-06,20:00,REST,Bmr,0,-52.25,256.75,0.0,101.0,0.0,0.0,0
2024-11-06,21:00,REST,Bmr,0,-52.25,204.5,0.0,101.0,0.0,0.0,0
2024-11-06,22:00,REST,Bmr,0,-52.25,152.25,0.0,101.0,0.0,0.0,0
2024-11-06,23:00,REST,Bmr,0,-52.25,100.0,0.0,101.0,0.0,0.0,0
2024-11-07,00:00,REST,Bmr,0,-52.25,-52.25,0.0,0.0,0.0,0.0,0
2024-11-07,01:00,REST,Bmr,0,-52.25,-104.5,0.0,0.0,0.0,0.0,0
2024-11-07,02:00,REST,Bmr,0,-52.25,-156.75,0.0,0.0,0.0,0.0,0
2024-11-07,03:00,REST,Bmr,0,-52.25,-209.0,0.0,0.0,0.0,0.0,0
2024-11-07,04:00,REST,Bmr,0,-52.25,-261.25,0.0,0.0,0.0,0.0,0
2024-11-07,05:00,REST,Bmr,0,-52.25,-313.5,0.0,0.0,0.0,0.0,0
2024-11-07,05:35,TRAINING,Walk,"8,47 km",-423.0,-736.5,0.0,0.0,0.0,0.0,15
2024-11-07,06:00,REST,Bmr,0,-52.25,-788.75,0.0,0.0,0.0,0.0,0
2024-11-07,07:00,REST,Bmr,0,-52.25,-841.0,0.0,0.0,0.0,0.0,0
2024-11-07,07:30,FOOD,Eat,0.0,600.0,-241.0,25.0,25.0,37.0,35.0,Porridge
2024-11-07,08:00,REST,Bmr,0,-52.25,-293.25,0.0,25.0,0.0,0.0,0
2024-11-07,09:00,REST,Bmr,0,-52.25,-345.5,0.0,25.0,0.0,0.0,0
2024-11-07,10:00,REST,Bmr,0,-52.25,-397.75,0.0,25.0,0.0,0.0,0
2024-11-07,11:00,REST,Bmr,0,-52.25,-450.0,0.0,25.0,0.0,0.0,0
2024-11-07,11:05,TRAINING,Walk,"7,22 km",-396.0,-846.0,0.0,25.0,0.0,0.0,19
2024-11-07,12:00,REST,Bmr,0,-52.25,-898.25,0.0,25.0,0.0,0.0,0
2024-11-07,13:00,REST,Bmr,0,-52.25,-950.5,0.0,25.0,0.0,0.0,0
2024-11-07,13:30,FOOD,Eat,0.0,127.0,-823.5,3.0,28.0,10.0,8.0,"Sandwish, butter, peanut butter"
2024-11-07,14:00,REST,Bmr,0,-52.25,-875.75,0.0,28.0,0.0,0.0,0
2024-11-07,14:30,FOOD,Eat,0.0,115.0,-760.75,0.0,28.0,30.0,0.0,Carbs
2024-11-07,15:00,REST,Bmr,0,-52.25,-813.0,0.0,28.0,0.0,0.0,0
2024-11-07,16:00,REST,Bmr,0,-52.25,-865.25,0.0,28.0,0.0,0.0,0
2024-11-07,16:01,FOOD,Eat,0.0,500.0,-365.25,23.0,51.0,35.0,27.0,"Broccoli, veg. burger, halloumi, egg, watermelon, grapes, coleslaw, bea"
2024-11-07,16:30,FOOD,Eat,0.0,337.0,-28.25,19.0,70.0,27.0,18.0,Proteinbars
2024-11-07,17:00,REST,Bmr,0,-52.25,-80.5,0.0,70.0,0.0,0.0,0
2024-11-07,18:00,REST,Bmr,0,-52.25,-132.75,0.0,70.0,0.0,0.0,0
2024-11-07,19:00,REST,Bmr,0,-52.25,-185.0,0.0,70.0,0.0,0.0,0
2024-11-07,20:00,REST,Bmr,0,-52.25,-237.25,0.0,70.0,0.0,0.0,0
2024-11-07,21:00,REST,Bmr,0,-52.25,-289.5,0.0,70.0,0.0,0.0,0
2024-11-07,22:00,REST,Bmr,0,-52.25,-341.75,0.0,70.0,0.0,0.0,0
2024-11-07,23:00,REST,Bmr,0,-52.25,-394.0,0.0,70.0,0.0,0.0,0
2024-11-08,00:00,REST,Bmr,0,-52.25,-52.25,0.0,0.0,0.0,0.0,0
2024-11-08,01:00,REST,Bmr,0,-52.25,-104.5,0.0,0.0,0.0,0.0,0
2024-11-08,02:00,REST,Bmr,0,-52.25,-156.75,0.0,0.0,0.0,0.0,0
2024-11-08,03:00,REST,Bmr,0,-52.25,-209.0,0.0,0.0,0.0,0.0,0
2024-11-08,04:00,REST,Bmr,0,-52.25,-261.25,0.0,0.0,0.0,0.0,0
2024-11-08,04:13,TRAINING,Walk,"8,41 km",-443.0,-704.25,0.0,0.0,0.0,0.0,14
2024-11-08,05:00,REST,Bmr,0,-52.25,-756.5,0.0,0.0,0.0,0.0,0
2024-11-08,06:00,REST,Bmr,0,-52.25,-808.75,0.0,0.0,0.0,0.0,0
2024-11-08,06:20,FOOD,Eat,0.0,600.0,-208.75,25.0,25.0,37.0,35.0,Porridge
2024-11-08,07:00,REST,Bmr,0,-52.25,-261.0,0.0,25.0,0.0,0.0,0
2024-11-08,08:00,REST,Bmr,0,-52.25,-313.25,0.0,25.0,0.0,0.0,0
2024-11-08,09:00,REST,Bmr,0,-52.25,-365.5,0.0,25.0,0.0,0.0,0
2024-11-08,09:30,FOOD,Eat,0.0,600.0,234.5,25.0,50.0,37.0,35.0,Porridge
2024-11-08,10:00,REST,Bmr,0,-52.25,182.25,0.0,50.0,0.0,0.0,0
2024-11-08,10:12,TRAINING,Walk,"7,91 km",-458.0,-275.75,0.0,50.0,0.0,0.0,17
2024-11-08,11:00,REST,Bmr,0,-52.25,-328.0,0.0,50.0,0.0,0.0,0
2024-11-08,12:00,REST,Bmr,0,-52.25,-380.25,0.0,50.0,0.0,0.0,0
2024-11-08,13:00,REST,Bmr,0,-52.25,-432.5,0.0,50.0,0.0,0.0,0
2024-11-08,14:00,REST,Bmr,0,-52.25,-484.75,0.0,50.0,0.0,0.0,0
2024-11-08,14:55,FOOD,Eat,0.0,520.0,35.25,28.0,78.0,29.0,31.0,"Watermelon, grapes, coleslaw, veg sausage, broccoli, bea, halloumi, egg"
2024-11-08,15:00,REST,Bmr,0,-52.25,-17.0,0.0,78.0,0.0,0.0,0
2024-11-08,15:30,FOOD,Eat,0.0,443.0,426.0,21.0,99.0,31.0,27.0,Protein bars
2024-11-08,16:00,REST,Bmr,0,-52.25,373.75,0.0,99.0,0.0,0.0,0
2024-11-08,17:00,REST,Bmr,0,-52.25,321.5,0.0,99.0,0.0,0.0,0
2024-11-08,18:00,REST,Bmr,0,-52.25,269.25,0.0,99.0,0.0,0.0,0
2024-11-08,19:00,REST,Bmr,0,-52.25,217.0,0.0,99.0,0.0,0.0,0
2024-11-08,20:00,REST,Bmr,0,-52.25,164.75,0.0,99.0,0.0,0.0,0
2024-11-08,21:00,REST,Bmr,0,-52.25,112.5,0.0,99.0,0.0,0.0,0
2024-11-08,22:00,REST,Bmr,0,-52.25,60.25,0.0,99.0,0.0,0.0,0
2024-11-08,23:00,REST,Bmr,0,-52.25,8.0,0.0,99.0,0.0,0.0,0
2024-11-09,00:00,REST,Bmr,0,-52.25,-52.25,0.0,0.0,0.0,0.0,0
2024-11-09,01:00,REST,Bmr,0,-52.25,-104.5,0.0,0.0,0.0,0.0,0
2024-11-09,02:00,REST,Bmr,0,-52.25,-156.75,0.0,0.0,0.0,0.0,0
2024-11-09,03:00,REST,Bmr,0,-52.25,-209.0,0.0,0.0,0.0,0.0,0
2024-11-09,04:00,REST,Bmr,0,-52.25,-261.25,0.0,0.0,0.0,0.0,0
2024-11-09,04:38,FOOD,Eat,0.0,600.0,338.75,25.0,25.0,37.0,35.0,Protein shake
2024-11-09,05:00,REST,Bmr,0,-52.25,286.5,0.0,25.0,0.0,0.0,0
2024-11-09,05:21,TRAINING,Walk,"8,49 km",-435.0,-148.5,0.0,25.0,0.0,0.0,14
2024-11-09,06:00,REST,Bmr,0,-52.25,-200.75,0.0,25.0,0.0,0.0,0
2024-11-09,07:00,REST,Bmr,0,-52.25,-253.0,0.0,25.0,0.0,0.0,0
2024-11-09,07:43,FOOD,Eat,0.0,600.0,347.0,25.0,50.0,37.0,35.0,Porridge
2024-11-09,08:00,REST,Bmr,0,-52.25,294.75,0.0,50.0,0.0,0.0,0
2024-11-09,09:00,REST,Bmr,0,-52.25,242.5,0.0,50.0,0.0,0.0,0
2024-11-09,10:00,REST,Bmr,0,-52.25,190.25,0.0,50.0,0.0,0.0,0
2024-11-09,10:32,FOOD,Eat,0.0,500.0,690.25,23.0,73.0,35.0,27.0,Indian curry with rice and <span>chickpeas</span>
2024-11-09,11:00,REST,Bmr,0,-52.25,638.0,0.0,73.0,0.0,0.0,0
2024-11-09,11:16,TRAINING,Walk,"8,68 km",-492.0,146.0,0.0,73.0,0.0,0.0,0
2024-11-09,12:00,REST,Bmr,0,-52.25,93.75,0.0,73.0,0.0,0.0,0
2024-11-09,13:00,REST,Bmr,0,-52.25,41.5,0.0,73.0,0.0,0.0,0
2024-11-09,13:45,FOOD,Eat,0.0,180.0,221.5,4.0,77.0,12.0,12.0,"Protein bar, piece of choclate/coffe"
2024-11-09,14:00,REST,Bmr,0,-52.25,169.25,0.0,77.0,0.0,0.0,0
2024-11-09,15:00,REST,Bmr,0,-52.25,117.0,0.0,77.0,0.0,0.0,0
2024-11-09,15:09,TRAINING,RUN,7.0 km,-354.0,-237.0,0.0,77.0,0.0,0.0,5'33''
2024-11-09,16:00,REST,Bmr,0,-52.25,-289.25,0.0,77.0,0.0,0.0,0
2024-11-09,16:30,FOOD,Eat,0.0,476.0,186.75,21.0,98.0,26.0,27.0,"Falaffel, egg, halloumi, watermelon, broccoli, grapes, coleslaw, bea"
2024-11-09,17:00,REST,Bmr,0,-52.25,134.5,0.0,98.0,0.0,0.0,0
2024-11-09,17:01,FOOD,Eat,0.0,396.0,530.5,19.0,117.0,42.0,18.0,"Protein bar, candy"
2024-11-09,18:00,REST,Bmr,0,-52.25,478.25,0.0,117.0,0.0,0.0,0
2024-11-09,19:00,REST,Bmr,0,-52.25,426.0,0.0,117.0,0.0,0.0,0
2024-11-09,20:00,REST,Bmr,0,-52.25,373.75,0.0,117.0,0.0,0.0,0
2024-11-09,21:00,REST,Bmr,0,-52.25,321.5,0.0,117.0,0.0,0.0,0
2024-11-09,22:00,REST,Bmr,0,-52.25,269.25,0.0,117.0,0.0,0.0,0
2024-11-09,23:00,REST,Bmr,0,-52.25,217.0,0.0,117.0,0.0,0.0,0
2024-11-10,00:00,REST,Bmr,0,-52.25,-52.25,0.0,0.0,0.0,0.0,0
2024-11-10,01:00,REST,Bmr,0,-52.25,-104.5,0.0,0.0,0.0,0.0,0
2024-11-10,02:00,REST,Bmr,0,-52.25,-156.75,0.0,0.0,0.0,0.0,0
2024-11-10,03:00,REST,Bmr,0,-52.25,-209.0,0.0,0.0,0.0,0.0,0
2024-11-10,04:00,REST,Bmr,0,-52.25,-261.25,0.0,0.0,0.0,0.0,0
2024-11-10,04:52,FOOD,Eat,0.0,136.0,-125.25,25.0,25.0,3.0,2.0,"Protein shake, collagogen, msm, vitamins D, multivitamin"
2024-11-10,05:00,REST,Bmr,0,-52.25,-177.5,0.0,25.0,0.0,0.0,0
2024-11-10,05:04,TRAINING,Walk,"8,57 km",-486.0,-663.5,0.0,25.0,0.0,0.0,0
2024-11-10,06:00,REST,Bmr,0,-52.25,-715.75,0.0,25.0,0.0,0.0,0
2024-11-10,07:00,REST,Bmr,0,-52.25,-768.0,0.0,25.0,0.0,0.0,0
2024-11-10,07:30,FOOD,Eat,0.0,600.0,-168.0,25.0,50.0,37.0,35.0,Porridge
2024-11-10,08:00,REST,Bmr,0,-52.25,-220.25,0.0,50.0,0.0,0.0,0
2024-11-10,09:00,REST,Bmr,0,-52.25,-272.5,0.0,50.0,0.0,0.0,0
2024-11-10,10:00,REST,Bmr,0,-52.25,-324.75,0.0,50.0,0.0,0.0,0
2024-11-10,10:30,FOOD,Eat,0.0,495.0,170.25,21.0,71.0,26.0,27.0,Yoghurt bowl
2024-11-10,11:00,REST,Bmr,0,-52.25,118.0,0.0,71.0,0.0,0.0,0
2024-11-10,11:09,TRAINING,Walk,"8,07 km",-659.0,-541.0,0.0,71.0,0.0,0.0,0
2024-11-10,12:00,REST,Bmr,0,-52.25,-593.25,0.0,71.0,0.0,0.0,0
2024-11-10,13:00,REST,Bmr,0,-52.25,-645.5,0.0,71.0,0.0,0.0,0
2024-11-10,13:01,FOOD,Eat,0.0,180.0,-465.5,4.0,75.0,12.0,12.0,"Sandwish, butter, peanut butter, piece of choclate"
2024-11-10,13:22,TRAINING,BIKE,0.0,0.0,-465.5,0.0,75.0,0.0,0.0,SPRINT
2024-11-10,14:00,REST,Bmr,0,-52.25,-517.75,0.0,75.0,0.0,0.0,0
2024-11-10,14:04,TRAINING,STR,0.0,0.0,-517.75,0.0,75.0,0.0,0.0,BODYPUMP
2024-11-10,15:00,REST,Bmr,0,-52.25,-570.0,0.0,75.0,0.0,0.0,0
2024-11-10,15:30,FOOD,Eat,0.0,520.0,-50.0,28.0,103.0,29.0,31.0,"Broccoli, watermelon, grapes, halloumi, coleslaw, bea, egg"
2024-11-10,16:00,REST,Bmr,0,-52.25,-102.25,0.0,103.0,0.0,0.0,0
2024-11-10,16:01,FOOD,Eat,0.0,1000.0,897.75,10.0,113.0,260.0,0.0,Candy
2024-11-10,17:00,REST,Bmr,0,-52.25,845.5,0.0,113.0,0.0,0.0,0
2024-11-10,18:00,REST,Bmr,0,-52.25,793.25,0.0,113.0,0.0,0.0,0
2024-11-10,19:00,REST,Bmr,0,-52.25,741.0,0.0,113.0,0.0,0.0,0
2024-11-10,20:00,REST,Bmr,0,-52.25,688.75,0.0,113.0,0.0,0.0,0
2024-11-10,21:00,REST,Bmr,0,-52.25,636.5,0.0,113.0,0.0,0.0,0
2024-11-10,22:00,REST,Bmr,0,-52.25,584.25,0.0,113.0,0.0,0.0,0
2024-11-10,23:00,REST,Bmr,0,-52.25,532.0,0.0,113.0,0.0,0.0,0
2024-11-11,00:00,REST,Bmr,0,-52.25,-52.25,0.0,0.0,0.0,0.0,0
2024-11-11,01:00,REST,Bmr,0,-52.25,-104.5,0.0,0.0,0.0,0.0,0
2024-11-11,02:00,REST,Bmr,0,-52.25,-156.75,0.0,0.0,0.0,0.0,0
2024-11-11,03:00,REST,Bmr,0,-52.25,-209.0,0.0,0.0,0.0,0.0,0
2024-11-11,04:00,REST,Bmr,0,-52.25,-261.25,0.0,0.0,0.0,0.0,0
2024-11-11,05:00,REST,Bmr,0,-52.25,-313.5,0.0,0.0,0.0,0.0,0
2024-11-11,05:19,TRAINING,Walk,"8,52 km",-436.0,-749.5,0.0,0.0,0.0,0.0,0
2024-11-11,06:00,REST,Bmr,0,-52.25,-801.75,0.0,0.0,0.0,0.0,0
2024-11-11,07:00,REST,Bmr,0,-52.25,-854.0,0.0,0.0,0.0,0.0,0
2024-11-11,07:30,FOOD,Eat,0.0,600.0,-254.0,25.0,25.0,37.0,35.0,Porridge
2024-11-11,08:00,REST,Bmr,0,-52.25,-306.25,0.0,25.0,0.0,0.0,0
2024-11-11,09:00,REST,Bmr,0,-52.25,-358.5,0.0,25.0,0.0,0.0,0
2024-11-11,10:00,REST,Bmr,0,-52.25,-410.75,0.0,25.0,0.0,0.0,0
2024-11-11,10:20,FOOD,Eat,0.0,495.0,84.25,21.0,46.0,26.0,27.0,Yoghurt bowl
2024-11-11,10:59,TRAINING,Walk,"7,67 km",-472.0,-387.75,0.0,46.0,0.0,0.0,0
2024-11-11,11:00,REST,Bmr,0,-52.25,-440.0,0.0,46.0,0.0,0.0,0
2024-11-11,12:00,REST,Bmr,0,-52.25,-492.25,0.0,46.0,0.0,0.0,0
2024-11-11,13:00,REST,Bmr,0,-52.25,-544.5,0.0,46.0,0.0,0.0,0
2024-11-11,13:01,FOOD,Eat,0.0,127.0,-417.5,3.0,49.0,10.0,8.0,"Sandwish, butter, peanut butter"
2024-11-11,14:00,REST,Bmr,0,-52.25,-469.75,0.0,49.0,0.0,0.0,0
2024-11-11,14:01,TRAINING,SWIM,1900 m,-465.0,-934.75,0.0,49.0,0.0,0.0,Ingen
2024-11-11,15:00,REST,Bmr,0,-52.25,-987.0,0.0,49.0,0.0,0.0,0
2024-11-11,15:41,FOOD,Eat,0.0,434.0,-553.0,27.0,76.0,56.0,11.0,"Fried rice, red lentils, union, bryssel crout, tofu, sweet chili"
2024-11-11,16:00,REST,Bmr,0,-52.25,-605.25,0.0,76.0,0.0,0.0,0
2024-11-11,16:01,FOOD,Eat,0.0,281.0,-324.25,9.0,85.0,26.0,16.0,"Protein bar, dates"
2024-11-11,17:00,REST,Bmr,0,-52.25,-376.5,0.0,85.0,0.0,0.0,0
2024-11-11,17:01,FOOD,Eat,0.0,206.0,-170.5,8.0,93.0,21.0,10.0,Protein bar
2024-11-11,18:00,REST,Bmr,0,-52.25,-222.75,0.0,93.0,0.0,0.0,0
2024-11-11,19:00,REST,Bmr,0,-52.25,-275.0,0.0,93.0,0.0,0.0,0
2024-11-11,20:00,REST,Bmr,0,-52.25,-327.25,0.0,93.0,0.0,0.0,0
2024-11-11,21:00,REST,Bmr,0,-52.25,-379.5,0.0,93.0,0.0,0.0,0
2024-11-11,22:00,REST,Bmr,0,-52.25,-431.75,0.0,93.0,0.0,0.0,0
2024-11-11,23:00,REST,Bmr,0,-52.25,-484.0,0.0,93.0,0.0,0.0,0
2024-11-12,00:00,REST,Bmr,0,-52.25,-52.25,0.0,0.0,0.0,0.0,0
2024-11-12,01:00,REST,Bmr,0,-52.25,-104.5,0.0,0.0,0.0,0.0,0
2024-11-12,02:00,REST,Bmr,0,-52.25,-156.75,0.0,0.0,0.0,0.0,0
2024-11-12,03:00,REST,Bmr,0,-52.25,-209.0,0.0,0.0,0.0,0.0,0
2024-11-12,04:00,REST,Bmr,0,-52.25,-261.25,0.0,0.0,0.0,0.0,0
2024-11-12,04:30,FOOD,Eat,0.0,136.0,-125.25,25.0,25.0,3.0,2.0,"Protein shake, vitaminer, msm, kollagoen"
2024-11-12,04:42,TRAINING,Walk,"10,88 km",-510.0,-635.25,0.0,25.0,0.0,0.0,0
2024-11-12,05:00,REST,Bmr,0,-52.25,-687.5,0.0,25.0,0.0,0.0,0
2024-11-12,06:00,REST,Bmr,0,-52.25,-739.75,0.0,25.0,0.0,0.0,0
2024-11-12,07:00,REST,Bmr,0,-52.25,-792.0,0.0,25.0,0.0,0.0,0
2024-11-12,07:01,FOOD,Eat,0.0,600.0,-192.0,25.0,50.0,37.0,35.0,Porridge
2024-11-12,08:00,REST,Bmr,0,-52.25,-244.25,0.0,50.0,0.0,0.0,0
2024-11-12,09:00,REST,Bmr,0,-52.25,-296.5,0.0,50.0,0.0,0.0,0
2024-11-12,10:00,REST,Bmr,0,-52.25,-348.75,0.0,50.0,0.0,0.0,0
2024-11-12,10:01,FOOD,Eat,0.0,495.0,146.25,21.0,71.0,26.0,27.0,Yoghurt bowl
2024-11-12,10:30,TRAINING,Walk,"7,64 km",-425.0,-278.75,0.0,71.0,0.0,0.0,0
2024-11-12,11:00,REST,Bmr,0,-52.25,-331.0,0.0,71.0,0.0,0.0,0
2024-11-12,12:00,REST,Bmr,0,-52.25,-383.25,0.0,71.0,0.0,0.0,0
2024-11-12,13:00,REST,Bmr,0,-52.25,-435.5,0.0,71.0,0.0,0.0,0
2024-11-12,13:01,FOOD,Eat,0.0,173.0,-262.5,4.0,75.0,13.0,6.0,"Sandwish, butter, peanut butter, piece of protein bar"
2024-11-12,14:00,REST,Bmr,0,-52.25,-314.75,0.0,75.0,0.0,0.0,0
2024-11-12,14:01,FOOD,Eat,0.0,115.0,-199.75,0.0,75.0,30.0,0.0,Supercarb
2024-11-12,14:29,TRAINING,RUN,10.0 km,-533.0,-732.75,0.0,75.0,0.0,0.0,5'45''
2024-11-12,15:00,REST,Bmr,0,-52.25,-785.0,0.0,75.0,0.0,0.0,0
2024-11-12,16:00,REST,Bmr,0,-52.25,-837.25,0.0,75.0,0.0,0.0,0
2024-11-12,16:01,FOOD,Eat,0.0,413.0,-424.25,27.0,102.0,51.0,11.0,"Fried rice, red lentils, bryssel crout, onion, egg, tofu, oyster sauce"
2024-11-12,16:30,FOOD,Eat,0.0,259.0,-165.25,15.0,117.0,21.0,10.0,Protein bar mix
2024-11-12,17:00,REST,Bmr,0,-52.25,-217.5,0.0,117.0,0.0,0.0,0
2024-11-12,18:00,REST,Bmr,0,-52.25,-269.75,0.0,117.0,0.0,0.0,0
2024-11-12,19:00,REST,Bmr,0,-52.25,-322.0,0.0,117.0,0.0,0.0,0
2024-11-12,20:00,REST,Bmr,0,-52.25,-374.25,0.0,117.0,0.0,0.0,0
2024-11-12,21:00,REST,Bmr,0,-52.25,-426.5,0.0,117.0,0.0,0.0,0
2024-11-12,22:00,REST,Bmr,0,-52.25,-478.75,0.0,117.0,0.0,0.0,0
2024-11-12,23:00,REST,Bmr,0,-52.25,-531.0,0.0,117.0,0.0,0.0,0
2024-11-13,00:00,REST,Bmr,0,-52.25,-52.25,0.0,0.0,0.0,0.0,0
2024-11-13,01:00,REST,Bmr,0,-52.25,-104.5,0.0,0.0,0.0,0.0,0
2024-11-13,02:00,REST,Bmr,0,-52.25,-156.75,0.0,0.0,0.0,0.0,0
2024-11-13,03:00,REST,Bmr,0,-52.25,-209.0,0.0,0.0,0.0,0.0,0
2024-11-13,04:00,REST,Bmr,0,-52.25,-261.25,0.0,0.0,0.0,0.0,0
2024-11-13,04:01,FOOD,Eat,0.0,136.0,-125.25,25.0,25.0,3.0,2.0,"Protein shake, vitaminer, msm, colagoen"
2024-11-13,04:38,TRAINING,Walk,"8,94 km",-585.0,-710.25,0.0,25.0,0.0,0.0,0
2024-11-13,05:00,REST,Bmr,0,-52.25,-762.5,0.0,25.0,0.0,0.0,0
2024-11-13,06:00,REST,Bmr,0,-52.25,-814.75,0.0,25.0,0.0,0.0,0
2024-11-13,07:00,REST,Bmr,0,-52.25,-867.0,0.0,25.0,0.0,0.0,0
2024-11-13,07:01,FOOD,Eat,0.0,600.0,-267.0,25.0,50.0,37.0,35.0,Porridge
2024-11-13,08:00,REST,Bmr,0,-52.25,-319.25,0.0,50.0,0.0,0.0,0
2024-11-13,09:00,REST,Bmr,0,-52.25,-371.5,0.0,50.0,0.0,0.0,0
2024-11-13,10:00,REST,Bmr,0,-52.25,-423.75,0.0,50.0,0.0,0.0,0
2024-11-13,10:01,FOOD,Eat,0.0,495.0,71.25,21.0,71.0,26.0,27.0,Yoghurt bowl
2024-11-13,10:29,TRAINING,Walk,"7,63 km",-467.0,-395.75,0.0,71.0,0.0,0.0,0
2024-11-13,11:00,REST,Bmr,0,-52.25,-448.0,0.0,71.0,0.0,0.0,0
2024-11-13,12:00,REST,Bmr,0,-52.25,-500.25,0.0,71.0,0.0,0.0,0
2024-11-13,12:49,FOOD,Eat,0.0,214.0,-286.25,5.0,76.0,14.0,12.0,"Sandwish, butter, hårdost emmentaler 30, Wafer nicks"
2024-11-13,13:00,REST,Bmr,0,-52.25,-338.5,0.0,76.0,0.0,0.0,0
2024-11-13,14:00,REST,Bmr,0,-52.25,-390.75,0.0,76.0,0.0,0.0,0
2024-11-13,14:00,TRAINING,BIKE,0.0,0.0,-390.75,0.0,76.0,0.0,0.0,RPM
2024-11-13,14:30,TRAINING,STR,0.0,0.0,-390.75,0.0,76.0,0.0,0.0,BODYPUMP
2024-11-13,15:00,REST,Bmr,0,-52.25,-443.0,0.0,76.0,0.0,0.0,0
2024-11-13,16:00,REST,Bmr,0,-52.25,-495.25,0.0,76.0,0.0,0.0,0
2024-11-13,16:23,FOOD,Eat,0.0,499.0,3.75,14.0,90.0,26.0,30.0,"Broccoil, yellow kiwi, watermelon, veg. burger, halloumi, fried egg, coleslaw, bea"
2024-11-13,17:00,REST,Bmr,0,-52.25,-48.5,0.0,90.0,0.0,0.0,0
2024-11-13,17:01,FOOD,Eat,0.0,351.0,302.5,13.0,103.0,25.0,16.0,"Protein bar, dark choklad 85, marabou dukat, dates peanut"
2024-11-13,18:00,REST,Bmr,0,-52.25,250.25,0.0,103.0,0.0,0.0,0
2024-11-13,19:00,REST,Bmr,0,-52.25,198.0,0.0,103.0,0.0,0.0,0
2024-11-13,20:00,REST,Bmr,0,-52.25,145.75,0.0,103.0,0.0,0.0,0
2024-11-13,21:00,REST,Bmr,0,-52.25,93.5,0.0,103.0,0.0,0.0,0
2024-11-13,22:00,REST,Bmr,0,-52.25,41.25,0.0,103.0,0.0,0.0,0
2024-11-13,23:00,REST,Bmr,0,-52.25,-11.0,0.0,103.0,0.0,0.0,0
2024-11-14,00:00,REST,Bmr,0,-52.25,-52.25,0.0,0.0,0.0,0.0,0
2024-11-14,01:00,REST,Bmr,0,-52.25,-104.5,0.0,0.0,0.0,0.0,0
2024-11-14,02:00,REST,Bmr,0,-52.25,-156.75,0.0,0.0,0.0,0.0,0
2024-11-14,03:00,REST,Bmr,0,-52.25,-209.0,0.0,0.0,0.0,0.0,0
2024-11-14,04:00,REST,Bmr,0,-52.25,-261.25,0.0,0.0,0.0,0.0,0
2024-11-14,04:30,FOOD,Eat,0.0,90.0,-171.25,16.0,16.0,2.0,2.0,"Protein shake sun warrior, vitamines, msm, colagoen"
2024-11-14,04:51,TRAINING,Walk,"8,96 km",-526.0,-697.25,0.0,16.0,0.0,0.0,0
2024-11-14,05:00,REST,Bmr,0,-52.25,-749.5,0.0,16.0,0.0,0.0,0
2024-11-14,06:00,REST,Bmr,0,-52.25,-801.75,0.0,16.0,0.0,0.0,0
2024-11-14,07:00,REST,Bmr,0,-52.25,-854.0,0.0,16.0,0.0,0.0,0
2024-11-14,07:01,FOOD,Eat,0.0,600.0,-254.0,25.0,41.0,37.0,35.0,Porridge
2024-11-14,08:00,REST,Bmr,0,-52.25,-306.25,0.0,41.0,0.0,0.0,0
2024-11-14,09:00,REST,Bmr,0,-52.25,-358.5,0.0,41.0,0.0,0.0,0
2024-11-14,10:00,REST,Bmr,0,-52.25,-410.75,0.0,41.0,0.0,0.0,0
2024-11-14,10:30,FOOD,Eat,0.0,600.0,189.25,25.0,66.0,37.0,35.0,Porridge
2024-11-14,10:53,TRAINING,Walk,"7,88 km",-453.0,-263.75,0.0,66.0,0.0,0.0,0
2024-11-14,11:00,REST,Bmr,0,-52.25,-316.0,0.0,66.0,0.0,0.0,0
2024-11-14,12:00,REST,Bmr,0,-52.25,-368.25,0.0,66.0,0.0,0.0,0
2024-11-14,13:00,REST,Bmr,0,-52.25,-420.5,0.0,66.0,0.0,0.0,0
2024-11-14,13:23,TRAINING,SWIM,1400 m,-346.0,-766.5,0.0,66.0,0.0,0.0,Ingen
2024-11-14,14:00,REST,Bmr,0,-52.25,-818.75,0.0,66.0,0.0,0.0,0
2024-11-14,14:01,FOOD,Eat,0.0,62.0,-756.75,0.0,66.0,13.0,0.0,Rött äpple royal gala
2024-11-14,15:00,REST,Bmr,0,-52.25,-809.0,0.0,66.0,0.0,0.0,0
2024-11-14,16:00,REST,Bmr,0,-52.25,-861.25,0.0,66.0,0.0,0.0,0
2024-11-14,16:30,FOOD,Eat,0.0,471.0,-390.25,20.0,86.0,22.0,26.0,"Veg korv, grönkålsbiff, stekt ägg, vattenmelon, broccoli, grillost chili, gul kiwi bea, koreansk morotssallad"
2024-11-14,17:00,REST,Bmr,0,-52.25,-442.5,0.0,86.0,0.0,0.0,0
2024-11-14,17:01,FOOD,Eat,0.0,414.0,-28.5,13.0,99.0,32.0,19.0,"Protein bars, dadlar peanut, mörk choklad 85%, marabou dukat"
2024-11-14,18:00,REST,Bmr,0,-52.25,-80.75,0.0,99.0,0.0,0.0,0
2024-11-14,19:00,REST,Bmr,0,-52.25,-133.0,0.0,99.0,0.0,0.0,0
2024-11-14,20:00,REST,Bmr,0,-52.25,-185.25,0.0,99.0,0.0,0.0,0
2024-11-14,21:00,REST,Bmr,0,-52.25,-237.5,0.0,99.0,0.0,0.0,0
2024-11-14,22:00,REST,Bmr,0,-52.25,-289.75,0.0,99.0,0.0,0.0,0
2024-11-14,23:00,REST,Bmr,0,-52.25,-342.0,0.0,99.0,0.0,0.0,0
2024-11-15,00:00,REST,Bmr,0,-52.25,-52.25,0.0,0.0,0.0,0.0,0
2024-11-15,01:00,REST,Bmr,0,-52.25,-104.5,0.0,0.0,0.0,0.0,0
2024-11-15,02:00,REST,Bmr,0,-52.25,-156.75,0.0,0.0,0.0,0.0,0
2024-11-15,03:00,REST,Bmr,0,-52.25,-209.0,0.0,0.0,0.0,0.0,0
2024-11-15,04:00,REST,Bmr,0,-52.25,-261.25,0.0,0.0,0.0,0.0,0
2024-11-15,04:01,FOOD,Eat,0.0,90.0,-171.25,16.0,16.0,2.0,2.0,"Protein shake, msm, colagogen, vitamines"
2024-11-15,04:09,TRAINING,Walk,"8,67 km",-498.0,-669.25,0.0,16.0,0.0,0.0,0
2024-11-15,05:00,REST,Bmr,0,-52.25,-721.5,0.0,16.0,0.0,0.0,0
2024-11-15,06:00,REST,Bmr,0,-52.25,-773.75,0.0,16.0,0.0,0.0,0
2024-11-15,06:30,FOOD,Eat,0.0,600.0,-173.75,25.0,41.0,37.0,35.0,Porridge
2024-11-15,07:00,REST,Bmr,0,-52.25,-226.0,0.0,41.0,0.0,0.0,0
2024-11-15,08:00,REST,Bmr,0,-52.25,-278.25,0.0,41.0,0.0,0.0,0
2024-11-15,09:00,REST,Bmr,0,-52.25,-330.5,0.0,41.0,0.0,0.0,0
2024-11-15,09:09,FOOD,Eat,0.0,600.0,269.5,25.0,66.0,37.0,35.0,Porridge
2024-11-15,10:00,REST,Bmr,0,-52.25,217.25,0.0,66.0,0.0,0.0,0
2024-11-15,10:23,TRAINING,Walk,"7,61 km",-459.0,-241.75,0.0,66.0,0.0,0.0,0
2024-11-15,11:00,REST,Bmr,0,-52.25,-294.0,0.0,66.0,0.0,0.0,0
2024-11-15,12:00,REST,Bmr,0,-52.25,-346.25,0.0,66.0,0.0,0.0,0
2024-11-15,12:02,FOOD,Eat,0.0,115.0,-231.25,0.0,66.0,30.0,0.0,Supercarbs
2024-11-15,12:12,TRAINING,RUN,7.07 km,-337.0,-568.25,0.0,66.0,0.0,0.0,5'30''
2024-11-15,13:00,REST,Bmr,0,-52.25,-620.5,0.0,66.0,0.0,0.0,0
2024-11-15,13:15,FOOD,Eat,0.0,144.0,-476.5,4.0,70.0,9.0,7.0,"Sandwish, butter, cheese"
2024-11-15,14:00,REST,Bmr,0,-52.25,-528.75,0.0,70.0,0.0,0.0,0
2024-11-15,15:00,REST,Bmr,0,-52.25,-581.0,0.0,70.0,0.0,0.0,0
2024-11-15,15:30,FOOD,Eat,0.0,471.0,-110.0,20.0,90.0,22.0,26.0,Köpsallad
2024-11-15,16:00,REST,Bmr,0,-52.25,-162.25,0.0,90.0,0.0,0.0,0
2024-11-15,16:01,FOOD,Eat,0.0,378.0,215.75,15.0,105.0,35.0,16.0,"Protein bars, marabou dukat"
2024-11-15,17:00,REST,Bmr,0,-52.25,163.5,0.0,105.0,0.0,0.0,0
2024-11-15,18:00,REST,Bmr,0,-52.25,111.25,0.0,105.0,0.0,0.0,0
2024-11-15,19:00,REST,Bmr,0,-52.25,59.0,0.0,105.0,0.0,0.0,0
2024-11-15,20:00,REST,Bmr,0,-52.25,6.75,0.0,105.0,0.0,0.0,0
2024-11-15,21:00,REST,Bmr,0,-52.25,-45.5,0.0,105.0,0.0,0.0,0
2024-11-15,22:00,REST,Bmr,0,-52.25,-97.75,0.0,105.0,0.0,0.0,0
2024-11-15,23:00,REST,Bmr,0,-52.25,-150.0,0.0,105.0,0.0,0.0,0
2024-11-16,00:00,REST,Bmr,0,-52.25,-52.25,0.0,0.0,0.0,0.0,0
2024-11-16,01:00,REST,Bmr,0,-52.25,-104.5,0.0,0.0,0.0,0.0,0
2024-11-16,02:00,REST,Bmr,0,-52.25,-156.75,0.0,0.0,0.0,0.0,0
2024-11-16,03:00,REST,Bmr,0,-52.25,-209.0,0.0,0.0,0.0,0.0,0
2024-11-16,04:00,REST,Bmr,0,-52.25,-261.25,0.0,0.0,0.0,0.0,0
2024-11-16,04:10,TRAINING,Walk,8.90 km,-526.0,-787.25,0.0,0.0,0.0,0.0,0
2024-11-16,05:00,REST,Bmr,0,-52.25,-839.5,0.0,0.0,0.0,0.0,0
2024-11-16,06:00,REST,Bmr,0,-52.25,-891.75,0.0,0.0,0.0,0.0,0
2024-11-16,06:30,FOOD,Eat,0.0,600.0,-291.75,25.0,25.0,37.0,35.0,Porridge
2024-11-16,07:00,REST,Bmr,0,-52.25,-344.0,0.0,25.0,0.0,0.0,0
2024-11-16,08:00,REST,Bmr,0,-52.25,-396.25,0.0,25.0,0.0,0.0,0
2024-11-16,08:51,FOOD,Eat,0.0,90.0,-306.25,16.0,41.0,2.0,2.0,"Protein shake, msm, collagogen, vitamines"
2024-11-16,09:00,REST,Bmr,0,-52.25,-358.5,0.0,41.0,0.0,0.0,0
2024-11-16,09:57,TRAINING,Walk,9.0 km,-572.0,-930.5,0.0,41.0,0.0,0.0,0
2024-11-16,10:00,REST,Bmr,0,-52.25,-982.75,0.0,41.0,0.0,0.0,0
2024-11-16,11:00,REST,Bmr,0,-52.25,-1035.0,0.0,41.0,0.0,0.0,0
2024-11-16,11:54,FOOD,Eat,0.0,399.0,-636.0,14.0,55.0,25.0,20.0,"Vattenmelon. gul kiwi, koreansk morotssallad, bea, falafel, grönkålsbiff, grillost, stekt ägg"
2024-11-16,12:00,REST,Bmr,0,-52.25,-688.25,0.0,55.0,0.0,0.0,0
2024-11-16,12:28,FOOD,Eat,0.0,244.0,-444.25,15.0,70.0,25.0,8.0,"Protein bars, dadlar lakrits"
2024-11-16,13:00,REST,Bmr,0,-52.25,-496.5,0.0,70.0,0.0,0.0,0
2024-11-16,13:19,TRAINING,STR,0.0,0.0,-496.5,0.0,70.0,0.0,0.0,GYM
2024-11-16,14:00,REST,Bmr,0,-52.25,-548.75,0.0,70.0,0.0,0.0,0
2024-11-16,15:00,REST,Bmr,0,-52.25,-601.0,0.0,70.0,0.0,0.0,0
2024-11-16,15:51,FOOD,Eat,0.0,439.0,-162.0,18.0,88.0,30.0,22.0,"Vattenmelon. gul kiwi, koreansk morotssallad, bea, falafel, grillost, stekt ägg, hallon"
2024-11-16,16:00,REST,Bmr,0,-52.25,-214.25,0.0,88.0,0.0,0.0,0
2024-11-16,16:14,FOOD,Eat,0.0,260.0,45.75,13.0,101.0,28.0,8.0,"Protein bars, dadlar lakrits"
2024-11-16,17:00,REST,Bmr,0,-52.25,-6.5,0.0,101.0,0.0,0.0,0
2024-11-16,18:00,REST,Bmr,0,-52.25,-58.75,0.0,101.0,0.0,0.0,0
2024-11-16,19:00,REST,Bmr,0,-52.25,-111.0,0.0,101.0,0.0,0.0,0
2024-11-16,20:00,REST,Bmr,0,-52.25,-163.25,0.0,101.0,0.0,0.0,0
2024-11-16,21:00,REST,Bmr,0,-52.25,-215.5,0.0,101.0,0.0,0.0,0
2024-11-16,22:00,REST,Bmr,0,-52.25,-267.75,0.0,101.0,0.0,0.0,0
2024-11-16,23:00,REST,Bmr,0,-52.25,-320.0,0.0,101.0,0.0,0.0,0
2024-11-17,00:00,REST,Bmr,0,-52.25,-52.25,0.0,0.0,0.0,0.0,0
2024-11-17,01:00,REST,Bmr,0,-52.25,-104.5,0.0,0.0,0.0,0.0,0
2024-11-17,02:00,REST,Bmr,0,-52.25,-156.75,0.0,0.0,0.0,0.0,0
2024-11-17,03:00,REST,Bmr,0,-52.25,-209.0,0.0,0.0,0.0,0.0,0
2024-11-17,04:00,REST,Bmr,0,-52.25,-261.25,0.0,0.0,0.0,0.0,0
2024-11-17,04:10,TRAINING,Walk,9.18 km,-541.0,-802.25,0.0,0.0,0.0,0.0,0
2024-11-17,05:00,REST,Bmr,0,-52.25,-854.5,0.0,0.0,0.0,0.0,0
2024-11-17,06:00,REST,Bmr,0,-52.25,-906.75,0.0,0.0,0.0,0.0,0
2024-11-17,06:34,FOOD,Eat,0.0,600.0,-306.75,25.0,25.0,37.0,35.0,Porridge
2024-11-17,07:00,REST,Bmr,0,-52.25,-359.0,0.0,25.0,0.0,0.0,0
2024-11-17,08:00,REST,Bmr,0,-52.25,-411.25,0.0,25.0,0.0,0.0,0
2024-11-17,09:00,REST,Bmr,0,-52.25,-463.5,0.0,25.0,0.0,0.0,0
2024-11-17,09:42,TRAINING,Walk,3.95 km,-221.0,-684.5,0.0,25.0,0.0,0.0,0
2024-11-17,10:00,REST,Bmr,0,-52.25,-736.75,0.0,25.0,0.0,0.0,0
2024-11-17,11:00,REST,Bmr,0,-52.25,-789.0,0.0,25.0,0.0,0.0,0
2024-11-17,11:12,FOOD,Eat,0.0,423.0,-366.0,14.0,39.0,34.0,20.0,"Vattenmelon. gul kiwi, koreansk morotssallad, bea, falafel, grönkålsbiff, stekt ägg"
2024-11-17,11:34,FOOD,Eat,0.0,288.0,-78.0,13.0,52.0,26.0,10.0,"Protein bars, dadlar lakrits, mörk choklad 85%"
2024-11-17,12:00,REST,Bmr,0,-52.25,-130.25,0.0,52.0,0.0,0.0,0
2024-11-17,13:00,REST,Bmr,0,-52.25,-182.5,0.0,52.0,0.0,0.0,0
2024-11-17,13:01,TRAINING,Walk,3.89 km,-224.0,-406.5,0.0,52.0,0.0,0.0,0
2024-11-17,14:00,REST,Bmr,0,-52.25,-458.75,0.0,52.0,0.0,0.0,0
2024-11-17,15:00,REST,Bmr,0,-52.25,-511.0,0.0,52.0,0.0,0.0,0
2024-11-17,16:00,REST,Bmr,0,-52.25,-563.25,0.0,52.0,0.0,0.0,0
2024-11-17,16:26,FOOD,Eat,0.0,416.0,-147.25,13.0,65.0,36.0,19.0,"Vattenmelon. gul kiwi, koreansk morotssallad, bea, falafel, grönkålsbiff, stekt ägg"
2024-11-17,16:43,FOOD,Eat,0.0,407.0,259.75,11.0,76.0,44.0,14.0,"Protein bars, dadlar lakrits, dadelboll jordnöt, snickers bar"
2024-11-17,17:00,REST,Bmr,0,-52.25,207.5,0.0,76.0,0.0,0.0,0
2024-11-17,18:00,REST,Bmr,0,-52.25,155.25,0.0,76.0,0.0,0.0,0
2024-11-17,19:00,REST,Bmr,0,-52.25,103.0,0.0,76.0,0.0,0.0,0
2024-11-17,20:00,REST,Bmr,0,-52.25,50.75,0.0,76.0,0.0,0.0,0
2024-11-17,21:00,REST,Bmr,0,-52.25,-1.5,0.0,76.0,0.0,0.0,0
2024-11-17,22:00,REST,Bmr,0,-52.25,-53.75,0.0,76.0,0.0,0.0,0
2024-11-17,23:00,REST,Bmr,0,-52.25,-106.0,0.0,76.0,0.0,0.0,0
2024-11-18,00:00,REST,Bmr,0,-52.25,-52.25,0.0,0.0,0.0,0.0,0
2024-11-18,01:00,REST,Bmr,0,-52.25,-104.5,0.0,0.0,0.0,0.0,0
2024-11-18,02:00,REST,Bmr,0,-52.25,-156.75,0.0,0.0,0.0,0.0,0
2024-11-18,03:00,REST,Bmr,0,-52.25,-209.0,0.0,0.0,0.0,0.0,0
2024-11-18,04:00,REST,Bmr,0,-52.25,-261.25,0.0,0.0,0.0,0.0,0
2024-11-18,04:13,TRAINING,Walk,8.29 km,-499.0,-760.25,0.0,0.0,0.0,0.0,0
2024-11-18,05:00,REST,Bmr,0,-52.25,-812.5,0.0,0.0,0.0,0.0,0
2024-11-18,06:00,REST,Bmr,0,-52.25,-864.75,0.0,0.0,0.0,0.0,0
2024-11-18,06:14,FOOD,Eat,0.0,600.0,-264.75,25.0,25.0,37.0,35.0,Porridge
2024-11-18,07:00,REST,Bmr,0,-52.25,-317.0,0.0,25.0,0.0,0.0,0
2024-11-18,08:00,REST,Bmr,0,-52.25,-369.25,0.0,25.0,0.0,0.0,0
2024-11-18,09:00,REST,Bmr,0,-52.25,-421.5,0.0,25.0,0.0,0.0,0
2024-11-18,09:43,FOOD,Eat,0.0,600.0,178.5,25.0,50.0,37.0,35.0,Porridge
2024-11-18,10:00,REST,Bmr,0,-52.25,126.25,0.0,50.0,0.0,0.0,0
2024-11-18,10:03,TRAINING,Walk,7.19 km,-438.0,-311.75,0.0,50.0,0.0,0.0,0
2024-11-18,11:00,REST,Bmr,0,-52.25,-364.0,0.0,50.0,0.0,0.0,0
2024-11-18,12:00,REST,Bmr,0,-52.25,-416.25,0.0,50.0,0.0,0.0,0
2024-11-18,13:00,REST,Bmr,0,-52.25,-468.5,0.0,50.0,0.0,0.0,0
2024-11-18,13:08,FOOD,Eat,0.0,205.0,-263.5,4.0,54.0,16.0,9.0,"Sandwish, butter, cheese, dadelboll jordnöt"
2024-11-18,14:00,REST,Bmr,0,-52.25,-315.75,0.0,54.0,0.0,0.0,0
2024-11-18,14:47,TRAINING,BIKE,0.0,0.0,-315.75,0.0,54.0,0.0,0.0,RPM
2024-11-18,15:00,REST,Bmr,0,-52.25,-368.0,0.0,54.0,0.0,0.0,0
2024-11-18,16:00,REST,Bmr,0,-52.25,-420.25,0.0,54.0,0.0,0.0,0
2024-11-18,16:23,FOOD,Eat,0.0,487.0,66.75,31.0,85.0,51.0,17.0,"Ris, röda linser, brysselkål, lök, broccoli, ägg, jordnötssmör, tofu"
2024-11-18,16:45,FOOD,Eat,0.0,250.0,316.75,1.0,86.0,31.0,8.0,"Dadlar lakrits, dadelboll jornöt/protinella, snickers bar"
2024-11-18,17:00,REST,Bmr,0,-52.25,264.5,0.0,86.0,0.0,0.0,0
2024-11-18,18:00,REST,Bmr,0,-52.25,212.25,0.0,86.0,0.0,0.0,0
2024-11-18,19:00,REST,Bmr,0,-52.25,160.0,0.0,86.0,0.0,0.0,0
2024-11-18,20:00,REST,Bmr,0,-52.25,107.75,0.0,86.0,0.0,0.0,0
2024-11-18,21:00,REST,Bmr,0,-52.25,55.5,0.0,86.0,0.0,0.0,0
2024-11-18,22:00,REST,Bmr,0,-52.25,3.25,0.0,86.0,0.0,0.0,0
2024-11-18,23:00,REST,Bmr,0,-52.25,-49.0,0.0,86.0,0.0,0.0,0
2024-11-19,00:00,REST,Bmr,0,-52.25,-52.25,0.0,0.0,0.0,0.0,0
2024-11-19,01:00,REST,Bmr,0,-52.25,-104.5,0.0,0.0,0.0,0.0,0
2024-11-19,02:00,REST,Bmr,0,-52.25,-156.75,0.0,0.0,0.0,0.0,0
2024-11-19,03:00,REST,Bmr,0,-52.25,-209.0,0.0,0.0,0.0,0.0,0
2024-11-19,04:00,REST,Bmr,0,-52.25,-261.25,0.0,0.0,0.0,0.0,0
2024-11-19,04:10,TRAINING,Walk,8.70 km,-497.0,-758.25,0.0,0.0,0.0,0.0,0
2024-11-19,05:00,REST,Bmr,0,-52.25,-810.5,0.0,0.0,0.0,0.0,0
2024-11-19,06:00,REST,Bmr,0,-52.25,-862.75,0.0,0.0,0.0,0.0,0
2024-11-19,06:14,FOOD,Eat,0.0,600.0,-262.75,25.0,25.0,37.0,35.0,Porridge
2024-11-19,07:00,REST,Bmr,0,-52.25,-315.0,0.0,25.0,0.0,0.0,0
2024-11-19,08:00,REST,Bmr,0,-52.25,-367.25,0.0,25.0,0.0,0.0,0
2024-11-19,09:00,REST,Bmr,0,-52.25,-419.5,0.0,25.0,0.0,0.0,0
2024-11-19,09:04,FOOD,Eat,0.0,600.0,180.5,25.0,50.0,37.0,35.0,Porridge
2024-11-19,09:19,TRAINING,Walk,2.85 km,-153.0,27.5,0.0,50.0,0.0,0.0,0
2024-11-19,10:00,REST,Bmr,0,-52.25,-24.75,0.0,50.0,0.0,0.0,0
2024-11-19,11:00,REST,Bmr,0,-52.25,-77.0,0.0,50.0,0.0,0.0,0
2024-11-19,11:45,TRAINING,Walk,6.43 km,-338.0,-415.0,0.0,50.0,0.0,0.0,0
2024-11-19,12:00,REST,Bmr,0,-52.25,-467.25,0.0,50.0,0.0,0.0,0
2024-11-19,13:00,REST,Bmr,0,-52.25,-519.5,0.0,50.0,0.0,0.0,0
2024-11-19,13:07,FOOD,Eat,0.0,205.0,-314.5,4.0,54.0,16.0,9.0,"Sandwish, butter, cheese, dadelboll jordnöt"
2024-11-19,14:00,REST,Bmr,0,-52.25,-366.75,0.0,54.0,0.0,0.0,0
2024-11-19,14:30,FOOD,Eat,0.0,115.0,-251.75,0.0,54.0,30.0,0.0,Carbs
2024-11-19,15:00,REST,Bmr,0,-52.25,-304.0,0.0,54.0,0.0,0.0,0
2024-11-19,15:03,TRAINING,RUN,11.79 km,-587.0,-891.0,0.0,54.0,0.0,0.0,5'323''
2024-11-19,16:00,REST,Bmr,0,-52.25,-943.25,0.0,54.0,0.0,0.0,0
2024-11-19,17:00,REST,Bmr,0,-52.25,-995.5,0.0,54.0,0.0,0.0,0
2024-11-19,17:15,FOOD,Eat,0.0,558.0,-437.5,17.0,71.0,35.0,33.0,"Kaki, honungsmelon, broccoli, vego cabanoss, falafell, stekt ägg, grillost, coleslaw, bea"
2024-11-19,17:37,FOOD,Eat,0.0,294.0,-143.5,6.0,77.0,35.0,9.0,"Proteinbar, dadlar lakrits, dadelboll protinella, choklad"
2024-11-19,18:00,REST,Bmr,0,-52.25,-195.75,0.0,77.0,0.0,0.0,0
2024-11-19,19:00,REST,Bmr,0,-52.25,-248.0,0.0,77.0,0.0,0.0,0
2024-11-19,20:00,REST,Bmr,0,-52.25,-300.25,0.0,77.0,0.0,0.0,0
2024-11-19,21:00,REST,Bmr,0,-52.25,-352.5,0.0,77.0,0.0,0.0,0
2024-11-19,22:00,REST,Bmr,0,-52.25,-404.75,0.0,77.0,0.0,0.0,0
2024-11-19,23:00,REST,Bmr,0,-52.25,-457.0,0.0,77.0,0.0,0.0,0
2024-11-20,00:00,REST,Bmr,0,-52.25,-52.25,0.0,0.0,0.0,0.0,0
2024-11-20,01:00,REST,Bmr,0,-52.25,-104.5,0.0,0.0,0.0,0.0,0
2024-11-20,02:00,REST,Bmr,0,-52.25,-156.75,0.0,0.0,0.0,0.0,0
2024-11-20,03:00,REST,Bmr,0,-52.25,-209.0,0.0,0.0,0.0,0.0,0
2024-11-20,04:00,REST,Bmr,0,-52.25,-261.25,0.0,0.0,0.0,0.0,0
2024-11-20,04:18,TRAINING,Walk,8.98 km,-442.0,-703.25,0.0,0.0,0.0,0.0,0
2024-11-20,05:00,REST,Bmr,0,-52.25,-755.5,0.0,0.0,0.0,0.0,0
2024-11-20,06:00,REST,Bmr,0,-52.25,-807.75,0.0,0.0,0.0,0.0,0
2024-11-20,06:36,FOOD,Eat,0.0,600.0,-207.75,25.0,25.0,37.0,35.0,Porridge
2024-11-20,07:00,REST,Bmr,0,-52.25,-260.0,0.0,25.0,0.0,0.0,0
2024-11-20,08:00,REST,Bmr,0,-52.25,-312.25,0.0,25.0,0.0,0.0,0
2024-11-20,09:00,REST,Bmr,0,-52.25,-364.5,0.0,25.0,0.0,0.0,0
2024-11-20,09:57,FOOD,Eat,0.0,600.0,235.5,25.0,50.0,37.0,35.0,Porridge
2024-11-20,10:00,REST,Bmr,0,-52.25,183.25,0.0,50.0,0.0,0.0,0
2024-11-20,10:33,TRAINING,Walk,7.27 km,-411.0,-227.75,0.0,50.0,0.0,0.0,0
2024-11-20,11:00,REST,Bmr,0,-52.25,-280.0,0.0,50.0,0.0,0.0,0
2024-11-20,11:11,TRAINING,Swim,1900,-1900.0,-2180.0,0.0,50.0,0.0,0.0,1900
2024-11-20,12:00,REST,Bmr,0,-52.25,-2232.25,0.0,50.0,0.0,0.0,0
2024-11-20,13:00,REST,Bmr,0,-52.25,-2284.5,0.0,50.0,0.0,0.0,0
2024-11-20,14:00,REST,Bmr,0,-52.25,-2336.75,0.0,50.0,0.0,0.0,0
2024-11-20,15:00,REST,Bmr,0,-52.25,-2389.0,0.0,50.0,0.0,0.0,0
2024-11-20,16:00,REST,Bmr,0,-52.25,-2441.25,0.0,50.0,0.0,0.0,0
2024-11-20,17:00,REST,Bmr,0,-52.25,-2493.5,0.0,50.0,0.0,0.0,0
2024-11-20,18:00,REST,Bmr,0,-52.25,-2545.75,0.0,50.0,0.0,0.0,0
2024-11-20,19:00,REST,Bmr,0,-52.25,-2598.0,0.0,50.0,0.0,0.0,0
2024-11-20,20:00,REST,Bmr,0,-52.25,-2650.25,0.0,50.0,0.0,0.0,0
2024-11-20,21:00,REST,Bmr,0,-52.25,-2702.5,0.0,50.0,0.0,0.0,0
2024-11-20,22:00,REST,Bmr,0,-52.25,-2754.75,0.0,50.0,0.0,0.0,0
2024-11-20,23:00,REST,Bmr,0,-52.25,-2807.0,0.0,50.0,0.0,0.0,0
